{
  "project_info": {
    "project_number": "119406806169",
    "firebase_url": "https://vrlearn.firebaseio.com",
    "project_id": "vrlearn",
    "storage_bucket": "vrlearn.appspot.com"
  },
  "client": [
    {
      "client_info": {
        "mobilesdk_app_id": "1:119406806169:android:9e28137c5af38073c76408",
        "android_client_info": {
          "package_name": "com.jahendamercy.com"
        }
      },
      "oauth_client": [
        {
          "client_id": "119406806169-u0mrn9lm1fn8rnuhlru7837ko9rogb0t.apps.googleusercontent.com",
          "client_type": 3
        }
      ],
      "api_key": [
        {
          "current_key": "AIzaSyCwHzvcidxA5uTQUZO5nrEhETgK6EnD2Fw"
        }
      ],
      "services": {
        "appinvite_service": {
          "other_platform_oauth_client": [
            {
              "client_id": "119406806169-u0mrn9lm1fn8rnuhlru7837ko9rogb0t.apps.googleusercontent.com",
              "client_type": 3
            }
          ]
        }
      }
    }
  ],
  "configuration_version": "1"
}